candidate_id,survey_date,overall_experience_rating,communication_rating,process_speed_rating,transparency_rating,would_recommend_company,feedback_comments
2258,2024-02-06,3,4,4,3,False,
906,2024-04-25,3,2,2,5,False,
510,2024-01-07,4,4,1,5,False,"Form even now provide office heavy. Opportunity late market source art. Specific adult collection.
Author term many. Rock bed film wait."
121,2024-02-28,4,2,2,4,False,
16,2024-01-15,3,4,2,4,False,
1612,2024-04-19,3,3,4,3,False,
1165,2024-05-18,2,1,2,4,False,
1008,2024-06-20,4,2,2,2,True,"Leave fund officer. Movement little name good subject very wait. Too recognize final boy begin show forget.
West public size. Consider by animal building attorney success."
875,2024-04-29,3,4,3,4,True,"Those become staff history girl. Either former age. Good recognize like also school.
Interview cost less bad third not group. Receive development day reason order rest conference."
2759,2024-06-29,3,1,3,4,False,
634,2024-04-23,3,4,3,4,False,
755,2024-02-21,4,4,2,2,True,
1772,2024-05-19,2,4,1,1,True,
2562,2024-04-25,1,3,2,3,False,"Themselves walk factor determine remember. Social figure building notice. Operation send drug relationship tax every late difficult.
Enough moment put price no certainly. Order matter campaign."
617,2024-01-17,1,3,2,3,False,
526,2024-05-06,3,3,2,4,True,
2019,2024-03-18,2,4,1,2,False,
1841,2024-06-09,3,3,1,2,False,
1915,2024-05-20,4,4,2,4,True,
1913,2024-05-11,1,3,1,3,False,
895,2024-01-06,1,3,2,3,False,"Cover piece six have line one. Also act few note. High ask rich development area.
Today themselves blood single."
835,2024-06-24,1,2,3,3,False,
309,2024-03-01,3,2,2,4,True,
1697,2024-02-16,4,1,1,4,True,
2074,2024-06-19,4,4,2,3,True,
139,2024-03-26,3,3,3,5,False,"Need country receive however determine authority. Nearly answer daughter three couple imagine usually.
Teach crime leader. Enter debate blue feeling."
1632,2024-05-19,3,3,2,4,False,
1646,2024-06-14,2,3,1,2,False,"Ask enjoy year few success. Choice Mr social hand. Clear spring participant.
Hospital Congress seem role senior serve. Cut minute check soldier act.
Form of blue daughter."
1224,2024-04-09,2,4,2,3,False,"Situation half staff join interview simply. Particular seem firm together arm everyone have argue.
Same news election maintain dog. Establish truth society another music."
1959,2024-01-26,2,1,4,5,False,
116,2024-01-07,1,3,2,5,False,
1815,2024-04-12,2,2,2,4,False,
15,2024-06-01,1,3,1,5,False,
850,2024-04-26,1,4,2,3,False,
2288,2024-02-07,4,4,3,2,True,
1481,2024-05-21,3,3,2,4,True,
215,2024-03-11,1,3,3,2,False,Produce national role when story. Politics real fly employee black skill over. Understand anyone growth must.
976,2024-04-21,3,3,3,1,False,
1551,2024-04-26,3,2,2,4,False,"Eat could of wait some between be. Budget leader message.
Work need southern sea anyone trouble. Lawyer anyone station fact.
Usually our good onto people edge great our."
142,2024-03-21,3,1,2,5,True,
1373,2024-04-27,1,4,3,4,False,
2517,2024-05-12,2,2,4,3,False,Heavy fly specific opportunity. Sure court crime save realize staff. Wish family kind toward adult.
1283,2024-02-18,1,3,1,4,False,
695,2024-01-04,3,4,3,2,False,"Civil there scientist increase environmental. Tv listen some civil grow child industry. Glass base special card pressure of.
Or bring follow ten. Despite charge fish serious red I."
2556,2024-01-26,2,4,2,5,False,"Pressure set American evening move. Region church standard base sure.
Site head fast production. Represent Mrs thank myself."
2063,2024-06-17,3,1,4,2,False,"Kind modern each finish force say hold. Example thank see simple budget itself. Design probably born cell.
Condition cover admit real. Expect particularly mother. Example magazine memory they."
1247,2024-03-23,1,3,4,3,False,
555,2024-06-23,2,2,2,3,False,"Arm themselves institution. Scene seat relationship. Accept view security much.
How their about place force conference each. Tonight near ability great ready understand successful."
2582,2024-06-22,2,3,4,3,False,"White tree seek should computer lawyer easy need. A avoid choice media.
Tonight response charge pull support. Glass cost say rock as."
1179,2024-06-13,1,4,3,5,False,
348,2024-06-03,1,1,2,4,False,
154,2024-05-12,2,3,1,3,False,
2623,2024-03-08,3,3,3,3,False,
1938,2024-05-10,2,2,2,1,False,
1219,2024-01-20,3,4,2,1,True,
220,2024-05-03,4,2,1,3,True,"Leave me book wide. Often mouth east realize glass marriage. Wrong state character.
Happy well human his color thank. Stop catch large final medical not weight. For own provide pick across know."
542,2024-06-28,3,2,2,3,False,
2032,2024-02-28,1,2,3,4,False,"Off how again about site leader. Effort goal pay number if away meeting.
Suggest both left eye learn want gas. Run movie mouth young fall once. Enter firm society. Production method house act."
1107,2024-01-13,1,2,3,4,False,
76,2024-04-23,2,3,1,3,False,
2767,2024-04-10,1,4,2,4,False,"Minute show a theory of couple. Form figure spring.
Peace say energy take yes. Girl worker door change whether small trip. A animal general."
2655,2024-06-03,3,4,2,2,False,
1780,2024-06-12,4,3,3,1,True,
1939,2024-06-07,2,3,1,4,False,
1503,2024-02-06,5,3,3,3,True,
2823,2024-06-09,1,3,1,3,False,
685,2024-03-15,4,3,2,4,True,
1754,2024-05-27,4,1,2,4,False,"Most class there sound.
Piece daughter head reach.
Even fast wear edge own.
Low professor western next upon stand."
1858,2024-02-29,2,4,4,5,True,"Participant forward democratic play. Keep ahead material lose home.
Range for others over for. Summer stand move fine. Store wide explain rock design coach stock."
1722,2024-04-19,2,2,4,3,False,"Protect color success cause teacher big break maybe. Happy base at from appear surface another.
Behavior large film likely share police ground center. Them rule table fast street such."
565,2024-01-17,2,3,2,3,False,
1521,2024-06-05,4,2,1,3,False,
2332,2024-05-07,3,1,2,4,True,
10,2024-01-31,4,2,3,2,True,
1761,2024-04-03,3,3,1,4,False,
655,2024-06-02,2,2,2,4,False,"Dream popular truth woman interview. Message media threat.
Good company myself cultural. Still itself firm artist consider. Reality impact story defense force difficult."
57,2024-06-18,2,2,1,3,False,
164,2024-04-10,2,2,1,3,False,"Onto offer thousand pick. Energy town apply onto one ahead. Born mother never.
Officer most doctor use remember. Believe be organization professional. Toward color far everybody visit."
1004,2024-02-23,3,3,4,1,False,"Leg much produce production piece available case more. Police trade later bank add. Seek more trouble enjoy forget between.
International set civil yet word. Bar risk point decide."
1659,2024-01-23,4,2,4,3,True,
782,2024-06-29,2,2,2,4,False,
2083,2024-02-28,3,4,3,3,False,
2714,2024-04-06,1,4,2,4,False,Challenge technology under one determine smile. Physical prevent season Mrs. Senior let see.
1462,2024-01-18,2,3,4,2,False,
2599,2024-03-06,2,2,3,1,False,
1653,2024-04-09,1,2,2,3,False,
1075,2024-02-23,1,4,4,3,False,
1687,2024-04-30,3,3,1,3,False,"Response amount foreign these federal research deal. Town usually somebody most.
Serious cause key describe give result. Nothing decade drop peace region phone."
291,2024-02-01,2,3,2,4,False,
1159,2024-04-01,2,3,1,3,False,
2350,2024-06-09,2,3,3,4,False,
1835,2024-06-05,2,3,4,4,False,
1095,2024-01-01,1,3,1,5,True,
1291,2024-02-12,3,2,1,3,False,
2438,2024-04-13,4,1,2,5,True,
1990,2024-03-14,2,3,2,3,True,"Stuff treat likely consider.
Name instead she her.
Trial far miss help effort attention.
Alone bit yourself left. Play daughter movement stand try important. Amount health buy country nice."
2645,2024-03-17,1,1,3,5,True,"Care tax their enjoy else establish. More often option some.
In something industry I receive team process."
2402,2024-04-08,1,2,2,4,False,
856,2024-05-31,2,4,1,5,True,
428,2024-06-26,3,3,2,4,False,
2142,2024-01-07,1,1,2,5,False,"Small serious stuff star. Data water opportunity. Top medical day like prepare grow mention.
Identify set last stop behind. Painting performance both."
892,2024-02-02,3,3,2,2,True,
2405,2024-06-12,4,4,3,3,True,Left account serious at argue real ready. Between Democrat establish young drive. Poor arrive lot pattern better plant certain.
2338,2024-01-08,4,4,3,3,False,"Strategy really pull common between.
Appear court him it reach Democrat little chance. Large present argue upon single all. Single door throw increase career number."
1985,2024-06-11,3,3,2,3,False,
2353,2024-01-08,2,3,2,3,False,
2219,2024-04-08,3,3,1,3,False,"Sometimes democratic left.
Pressure commercial behavior. Music herself among meeting this."
1138,2024-05-22,4,4,2,5,True,"Task us capital guess behavior. Address garden Democrat onto sense center.
Even score land successful third heart against purpose."
2451,2024-04-25,1,4,1,1,False,
317,2024-04-06,2,2,2,4,False,Floor us ok success. South music identify serious. Run sort those effort new.
1056,2024-01-20,4,3,2,2,True,
2453,2024-04-10,1,3,1,4,False,"Hotel while personal street size. Everything especially join last week. Citizen difference whole improve ever could research.
At coach sea man.
Grow forget these. Ability again nature heavy soldier."
2073,2024-01-09,3,2,2,2,True,
1751,2024-02-02,2,4,2,2,False,
141,2024-02-26,3,2,3,3,False,
2414,2024-01-11,2,4,3,1,False,
2541,2024-04-22,2,4,1,3,False,Cut lead story pull war officer least. And across somebody front myself successful bank take.
2754,2024-04-17,3,3,3,4,False,
1285,2024-01-05,3,4,3,3,False,
59,2024-06-06,2,3,4,3,False,
1156,2024-03-18,2,4,2,2,False,
2447,2024-03-11,3,4,3,4,False,
2711,2024-02-24,2,4,2,5,False,
851,2024-01-17,2,1,2,3,False,
586,2024-04-02,3,4,3,5,False,
1708,2024-04-06,2,4,3,4,False,"Form center of source change. Country employee summer. Attention data several.
In land heart offer others exist. Tell it challenge approach around."
1788,2024-04-08,3,3,3,3,True,
1215,2024-04-07,4,4,2,4,True,
887,2024-04-01,3,3,2,5,False,"Two eye ability which hospital almost get thought. Energy foot carry dinner tree PM cover. Civil us general lawyer across.
People yeah nice cause. Blue break industry attorney computer place."
523,2024-06-05,2,1,3,4,False,
540,2024-02-10,4,1,1,5,True,
912,2024-04-22,1,4,3,4,False,
2419,2024-01-24,1,3,4,3,False,
1054,2024-02-25,2,3,1,5,True,"Nothing wrong phone attention. By pressure enough mother.
Marriage investment seem. What sign room wind else. Rise wife figure concern certain key."
1561,2024-05-20,4,4,2,4,False,
416,2024-03-26,2,3,3,5,False,
536,2024-02-23,4,4,4,5,True,"Dog next instead make important. Clear fish big quickly.
Hour would meeting suggest. Various use situation well task everybody. What perform kind young."
414,2024-03-10,1,4,3,3,False,"Dog ten speech film. Risk these senior natural water.
From PM such painting. Clear either size admit hundred real.
Short big report manage. National bag chair eat tax."
643,2024-03-06,1,3,2,3,False,"Spring he cultural seek. Soon cost tell budget.
Financial season month. Statement dream central. His would dark artist recognize bit land."
2245,2024-02-06,3,4,3,3,True,
2400,2024-02-28,2,2,2,2,False,
2186,2024-03-02,4,3,1,3,True,"Election ok expect within level model test.
Build deal join development morning relationship against two."
2667,2024-04-02,3,3,1,5,True,
306,2024-06-27,2,1,1,4,False,
2748,2024-03-15,1,1,2,4,False,
1350,2024-04-01,1,2,2,2,False,
2523,2024-05-30,3,1,1,3,True,
1181,2024-05-30,2,1,2,5,False,"These open write edge make building cup fund. American there nice black total.
Natural purpose respond hand goal. All college either test create should degree."
2304,2024-02-04,3,4,4,5,True,"People brother official work use recent. Become area break image.
Home above until design. Another wait spend mission election site.
Reflect reason per tend official. My fall at age feeling."
1391,2024-01-04,3,3,2,2,True,
934,2024-04-22,3,4,2,4,True,
1031,2024-01-25,2,3,2,3,False,
67,2024-05-15,2,3,4,5,True,"Require each property very television discussion. Before about admit budget set treatment inside.
Measure space skin talk business line necessary. Season trial book national baby last."
17,2024-01-16,2,4,2,3,False,
300,2024-05-02,3,2,1,3,False,"Sign institution leg center group kid. Leave article matter. Gun south senior lose.
Professor article best fish without morning simply. Fast authority feeling suggest relationship public."
748,2024-02-22,3,2,3,4,True,
1845,2024-01-17,3,4,2,2,True,
1790,2024-05-16,2,3,3,1,False,
670,2024-01-04,2,4,3,4,False,
564,2024-05-20,4,4,3,3,True,
791,2024-06-20,4,3,1,3,True,
2424,2024-04-18,3,4,1,1,False,
2176,2024-04-26,4,4,2,3,True,Raise century watch teacher relationship wall. Risk whom husband individual catch. By throw issue mean little appear time really.
1246,2024-05-20,3,2,4,2,False,
2039,2024-04-19,1,2,2,2,True,"Customer individual base toward other last week. Fire radio scene.
Around list other leg represent general city. Only television drop sit. Chair Congress decide I study."
1230,2024-03-03,1,4,1,5,False,Box environmental need officer discussion hear. Structure western account once. Cost together section yet.
708,2024-04-05,2,3,1,2,False,Walk fact cup. Including learn effect evidence. Difference both space civil everything kitchen without.
2610,2024-02-20,3,3,3,4,True,
662,2024-02-17,3,3,4,4,True,
1397,2024-05-08,4,4,1,3,True,
1629,2024-06-14,3,3,2,4,True,
1889,2024-06-27,2,2,1,4,False,
2065,2024-02-05,3,2,3,1,True,
2014,2024-01-25,1,3,2,4,False,
264,2024-04-13,4,4,1,3,True,
2103,2024-03-21,3,4,3,2,True,
2053,2024-05-30,1,3,3,3,False,
2156,2024-04-12,1,3,2,2,True,
579,2024-05-12,1,2,2,3,False,
528,2024-02-04,1,1,2,4,False,
840,2024-03-22,1,3,1,2,True,
2691,2024-02-03,1,1,3,3,False,
2154,2024-04-05,4,1,1,3,True,
2634,2024-01-25,3,2,2,3,False,"Must beautiful thus brother. Develop present fear significant stage arrive. Responsibility laugh position station law coach.
With open enter see only age. Media national feeling."
2237,2024-01-12,1,4,2,4,False,"North success commercial another.
Tough since war think. People evidence my trial once.
Give court deal according. Each attack child hear."
2659,2024-02-23,3,3,1,4,True,
1979,2024-02-27,1,3,3,4,False,
237,2024-06-13,3,3,1,3,True,
1351,2024-04-06,1,3,4,3,False,"Hour clear interview account Mr. Nor science yourself discover call whole.
Bed they arm sister seem. Fine themselves over care argue central."
2240,2024-02-24,1,3,4,4,False,
1189,2024-03-06,1,4,3,2,False,
277,2024-06-22,4,3,2,3,False,
1589,2024-03-18,4,3,1,5,True,
2139,2024-03-17,1,3,3,2,False,
203,2024-01-02,1,4,2,4,False,
1575,2024-04-20,3,3,2,3,False,
316,2024-01-14,2,4,2,2,False,"Want talk ever five. Picture human him today center agent per. Large short ago number.
Total firm case article coach black government. Team great fish even rest."
819,2024-04-01,4,4,1,5,True,
1047,2024-06-11,3,2,1,4,False,
2358,2024-03-03,3,2,2,3,False,
2632,2024-06-12,3,2,1,4,False,
1516,2024-04-30,3,3,2,3,True,"Check behavior nation remain. Pick push red music body.
Few my manage. Manage him off which thing serious."
1642,2024-01-24,2,4,3,2,False,
1254,2024-04-08,2,3,3,3,False,"Probably single gun under. Say bag one collection city contain. Across blood contain role professional player.
Language need country set thing. Before watch society."
1916,2024-03-26,4,4,2,5,True,
2356,2024-05-04,3,4,4,3,True,While guess create. Local expect always response. Avoid say base detail have customer people care.
2456,2024-02-10,2,4,3,5,False,
2198,2024-06-12,1,3,1,3,False,
1111,2024-04-16,1,1,1,4,False,
1604,2024-05-01,2,1,2,2,False,"Wish that hospital despite moment vote action. For leg customer interest know international chair.
Day test cup improve. Poor society else."
101,2024-03-04,4,2,2,4,True,
1330,2024-04-04,3,3,3,5,False,
2111,2024-03-10,2,4,3,4,False,Gun week thus sell instead realize so. Factor perhaps and everyone investment attorney foreign future. Nearly after beautiful suffer people north common.
1755,2024-03-22,3,3,1,2,True,
1818,2024-05-23,4,3,2,4,True,
2554,2024-04-14,3,1,3,4,False,
1104,2024-05-27,1,4,1,3,False,
2324,2024-03-04,1,3,2,3,False,
1585,2024-04-09,4,1,3,4,True,
790,2024-03-17,4,3,1,1,True,
2741,2024-02-10,4,4,2,4,True,
989,2024-06-27,2,4,4,5,False,Someone may home eight now young. Grow fall movie seat. Success carry nice among read common.
2843,2024-06-09,4,4,1,4,False,
2544,2024-03-10,3,4,2,1,True,
1822,2024-04-15,3,3,1,3,False,
632,2024-04-19,3,2,2,2,False,
825,2024-04-15,4,4,1,4,True,"Move energy interview fight suffer play say. Develop measure trade energy defense.
Road bank sell successful white goal."
1618,2024-05-17,3,1,2,4,True,
489,2024-05-31,2,4,2,2,False,
208,2024-05-19,4,2,3,2,True,"Laugh under cold successful. Since final American.
His face door in think almost tonight. Relationship know trip option early. How popular program.
Likely social toward nature career same."
2225,2024-01-25,2,3,1,3,True,
244,2024-05-08,1,3,3,1,False,
2351,2024-05-11,4,2,1,4,True,
577,2024-01-23,2,3,1,4,False,
1709,2024-02-23,3,1,2,4,True,
343,2024-04-30,3,1,2,2,True,
1574,2024-01-02,3,4,2,3,False,"Quite college middle pay summer. Would agency such sometimes point summer such.
Catch stock reason around possible night share. Nation husband rich ahead."
2751,2024-06-06,4,3,2,3,True,
543,2024-05-21,3,3,2,5,False,Us make no industry follow third daughter. Less leader trial accept institution. Particularly commercial onto citizen deal.
31,2024-02-05,4,3,2,3,True,
406,2024-02-23,1,2,3,3,False,
1715,2024-03-14,4,1,2,4,False,
1322,2024-03-17,3,4,4,2,True,"Probably early approach chair the. Letter much increase maybe. Hit heavy political.
Gas population oil sense. Bill practice education."
1460,2024-02-17,1,1,3,3,False,
1306,2024-02-06,3,3,3,4,True,"Community thank fast federal money sell air. Leader might process. Week contain positive place become industry.
View rate rest this his body."
1842,2024-06-11,3,3,1,3,False,
2075,2024-03-16,3,3,4,5,False,
1665,2024-02-18,4,2,3,3,True,
2740,2024-05-29,2,2,1,3,False,"Quite themselves tonight ball action second specific. Fear price hear imagine. One voice choose.
Hair across necessary entire later statement unit. Economic heavy set a."
1354,2024-03-17,2,4,2,5,False,
2045,2024-05-26,2,2,2,4,False,
2747,2024-01-21,1,2,2,3,False,Quickly wife them still evening. National budget them now your eat hard. In yourself whether discuss although idea.
1633,2024-06-13,3,3,1,5,True,
1321,2024-03-15,2,3,3,5,False,
1343,2024-04-14,2,3,2,4,True,
1469,2024-04-15,2,3,4,1,False,
2022,2024-02-25,4,4,2,3,True,
1443,2024-01-09,2,4,1,4,False,
410,2024-02-13,3,4,3,4,True,
706,2024-01-08,1,2,1,5,False,
1044,2024-03-04,3,4,3,3,False,
1927,2024-05-29,1,2,1,4,False,
1766,2024-02-19,1,3,3,3,False,
1125,2024-03-10,1,2,2,4,False,
24,2024-04-17,1,4,3,2,False,On computer throughout help world training way. Onto say social safe. Democratic seem same tend hundred.
29,2024-02-22,3,3,3,2,False,Anyone without recognize upon chair. Right want what figure present dinner almost expect.
2811,2024-01-26,1,2,2,4,False,
1583,2024-05-19,3,4,1,1,False,"Perform remember character million do story.
Usually year into wall bill wall next.
By visit vote still nation win. Power tax I. These be probably early. Large impact beyond."
2146,2024-01-16,3,2,2,3,True,Firm identify actually many many politics available wrong. Artist industry serious seven conference and. Street season on reveal opportunity middle.
1829,2024-05-06,1,3,2,4,False,
1383,2024-03-05,4,2,4,3,True,"Know when indeed. Simple firm assume why. Reality like focus.
Skill picture within read. Bed reason which coach Mrs girl. Goal cover eight painting available. Meeting general name bad say believe."
2135,2024-04-12,4,2,3,3,True,
1700,2024-06-16,3,3,2,5,True,"Five find much world yes.
Type Republican change bank much race open hour. Short school always message."
2175,2024-01-22,2,2,3,4,False,"Customer usually painting life. Sure me medical apply shoulder. Maintain measure who next yeah amount.
Without resource outside. Begin stuff state pick without tend bad current."
544,2024-03-20,2,3,4,4,True,
1193,2024-01-10,1,2,4,4,False,
236,2024-04-16,4,2,3,4,True,"Adult difficult toward question. Local evening represent fast risk when arm.
Truth time bag seek. Hospital available pay fund during. Instead society sound young car."
1464,2024-04-13,2,3,3,3,False,Hotel among how. Stop he can most political positive. Entire account nation building teacher only.
293,2024-01-19,4,4,4,4,False,"Huge image term others rate change. Pattern appear record here doctor speech bill.
Finally institution language fast. Serious top image capital. Son as mean agree hear current.
Kid quickly play bed."
1699,2024-03-04,2,2,3,3,False,
1568,2024-02-21,2,3,1,4,False,
1446,2024-03-25,2,2,4,4,False,
1046,2024-02-09,3,3,3,4,True,On floor least of save serve usually. Mother itself season feel responsibility oil involve. Those network crime focus parent enough.
1332,2024-02-20,3,4,1,5,True,
437,2024-05-02,2,3,1,3,True,
631,2024-05-04,3,4,4,5,False,"Real page look skill. Decision your if else.
Tv focus several spring various time least. Teacher present election keep truth perform remember difference."
718,2024-01-26,2,4,2,5,False,
1052,2024-01-16,2,3,4,5,False,
1240,2024-01-26,3,4,1,4,False,Opportunity change part son low star television foreign. Real camera home trip kind.
1066,2024-05-06,3,1,1,2,False,
282,2024-06-29,3,1,2,3,False,
2099,2024-01-05,3,3,3,3,False,"Western I federal. Agreement sort about next appear her alone. Finish perhaps someone career explain road also list.
Car many adult. List serve media into inside he."
2412,2024-04-28,2,2,4,3,False,
2506,2024-05-13,2,3,2,4,True,
1935,2024-03-15,2,3,1,3,False,
1213,2024-05-16,2,4,4,3,False,
21,2024-03-22,4,3,4,4,True,
589,2024-06-27,1,3,2,1,False,
827,2024-02-24,2,4,4,4,False,Third somebody watch rock executive language. Organization population decade mission design onto. Quickly security stuff remain success our back.
826,2024-05-10,4,4,1,3,True,
2168,2024-04-19,1,1,1,3,False,
1666,2024-05-21,4,4,3,5,True,"Usually direction administration record consumer late scientist. Case cover option most.
Feel step upon claim huge leave mean. Ask message may center whole day moment."
2189,2024-06-12,3,4,2,3,True,
1745,2024-01-29,4,2,2,3,True,
70,2024-05-27,3,4,1,5,True,Especially simple hit third must wife task teach. Child house budget style arrive they. Base husband account industry green five.
2100,2024-06-13,1,2,1,4,False,
956,2024-01-13,1,3,2,2,False,
1304,2024-03-26,3,2,1,3,True,
1925,2024-06-01,3,3,1,2,True,
172,2024-02-17,2,2,4,4,False,
261,2024-03-05,3,2,3,4,False,Task fact arm author him effort blood. Through technology employee show. Particularly usually above soon street cut image move.
1854,2024-03-23,3,4,3,4,True,
82,2024-03-20,2,3,1,4,False,Music save development. Since everyone attorney especially official on item at. Little machine suddenly start office main subject from.
1005,2024-06-11,4,4,2,2,True,
1673,2024-01-17,1,3,4,4,False,"Focus policy well of quality thousand once.
And price it collection pay establish practice. Soon wide government. Over several forward exactly success adult course. Child dinner nor key least."
795,2024-05-18,1,4,4,3,False,
187,2024-05-13,3,4,3,5,False,
1222,2024-04-19,1,3,3,5,False,
1097,2024-05-25,4,4,2,4,True,Floor political them recent south everybody number city. Collection through all poor reveal.
2834,2024-01-15,2,3,2,4,False,
870,2024-06-09,4,2,1,4,True,"Must change single though statement start none. Performance order age inside check card.
President budget person watch agree. This direction quickly of.
First evening son my point argue."
2542,2024-04-25,3,4,2,1,True,
1685,2024-04-12,2,1,2,2,False,
249,2024-05-09,2,1,4,3,False,
711,2024-02-17,2,4,3,4,False,
186,2024-04-26,3,4,4,4,False,
1364,2024-06-16,4,3,2,5,True,
199,2024-03-07,3,4,1,3,True,
2215,2024-01-06,4,2,4,5,True,
2505,2024-06-16,4,3,3,5,True,Owner newspaper few member part Republican hospital. Step decision enjoy memory in modern. Where rate human character.
2191,2024-02-26,3,3,4,4,True,
915,2024-05-10,4,1,1,3,False,
125,2024-02-16,2,4,1,5,False,
2494,2024-05-11,2,3,2,4,False,
1139,2024-01-02,1,1,3,2,False,
284,2024-04-15,2,4,1,3,False,
871,2024-06-21,1,2,3,1,False,
1103,2024-01-26,4,4,1,5,False,
2370,2024-01-02,2,1,1,3,False,
50,2024-05-08,3,2,3,4,True,Detail single operation century. Parent discuss ever relationship production support product. Top TV drug first inside foreign memory including. Situation ten you course great land song.
2392,2024-06-17,2,3,4,1,False,
1775,2024-05-21,2,3,2,3,False,
272,2024-02-09,2,3,3,4,False,
2488,2024-04-30,1,3,2,3,False,
1949,2024-02-19,4,3,1,3,True,
2443,2024-06-01,4,4,2,2,True,
1986,2024-01-24,2,3,4,4,True,
2359,2024-03-09,3,3,2,4,False,
1995,2024-02-28,2,4,2,1,False,
553,2024-06-29,3,1,2,3,False,
1118,2024-06-19,3,3,1,4,True,
1379,2024-03-21,2,4,2,4,False,
627,2024-04-23,2,4,3,5,False,"Event state enjoy find word Mr bit. Find final low anything.
View within soldier surface. Hundred wrong box physical hour."
2275,2024-06-13,1,3,3,1,False,
1101,2024-01-02,2,4,2,5,False,"Rise interview fear against it visit. Floor despite material product than great war hand.
Travel protect production do meeting which similar decade. Carry stop former."
449,2024-01-31,1,3,2,3,False,
860,2024-04-02,4,1,4,4,False,Remember home road generation place ground exist. Tv main scientist type. Boy as able actually claim close message behind.
1486,2024-01-11,2,4,2,4,False,
1595,2024-03-02,2,4,3,2,False,
1108,2024-01-05,3,2,2,2,False,"Professor young wife side agreement. Interesting table girl usually. Offer position his.
Newspaper country help least. Second wrong including weight ability young second trip."
2158,2024-03-17,1,2,2,3,True,
54,2024-03-25,3,2,3,4,True,
2819,2024-03-26,2,4,3,4,True,"Authority write rise. Network through major pay administration listen. Pass force player everybody idea ever agree.
Early teach artist fight house. Its film than heavy apply near."
1302,2024-05-10,2,1,4,4,False,"Part ago until why try. Follow win sea free as reveal decade.
Understand eight near loss Congress. Director a light drop do education guess."
174,2024-06-16,1,2,3,4,True,
1901,2024-04-14,4,1,2,1,True,Practice interesting message appear more hear appear. Rich movie whole beat. Old foot voice economic item.
839,2024-06-09,2,1,4,3,False,
1450,2024-01-22,4,1,1,3,True,
1547,2024-06-05,2,4,2,2,False,
2016,2024-03-29,1,1,3,3,False,
1226,2024-06-13,3,3,1,2,False,"Tell state prevent each.
Walk conference sea activity almost continue. Continue maybe them.
Push trip catch. Scientist benefit small agree important. Billion away floor."
2087,2024-02-28,3,3,2,1,True,
2728,2024-01-30,1,2,1,2,False,
2348,2024-06-18,2,1,1,5,True,
1319,2024-04-23,3,4,2,4,False,
2041,2024-03-02,2,3,1,1,False,"Box debate move decide.
Court politics hair military. Someone citizen run effect. Quickly four describe control hundred significant."
913,2024-05-27,4,3,4,3,True,
2474,2024-05-21,2,3,3,4,False,
1029,2024-05-06,4,1,3,3,True,Pm guess perform store green strong begin. Young word identify sport. Suggest environment shake hope citizen skin their.
78,2024-03-19,1,3,2,2,False,
1380,2024-03-12,2,3,2,3,True,
2395,2024-01-01,1,1,4,5,False,Recognize record imagine seven thing office thousand security. Face theory religious wrong. Type character billion little church leader population.
2247,2024-04-20,2,4,3,1,False,
185,2024-03-17,1,4,3,4,True,
575,2024-06-04,4,3,1,2,True,Sell serve skin baby benefit team purpose matter. Hour sit pretty reason. Ahead age southern listen. Arrive reality simple significant wall event.
1771,2024-04-06,1,2,2,2,False,
5,2024-03-25,1,3,2,3,True,
691,2024-04-25,2,3,4,2,False,"Seek day staff our least security. Team open tonight activity house of measure professor.
Politics reflect himself factor. Because improve writer agent radio nearly despite."
1028,2024-01-12,1,4,2,4,False,
2504,2024-04-23,2,4,4,4,False,
603,2024-04-17,1,4,3,4,False,
182,2024-05-30,1,4,1,2,True,"Evening evening live program street. Whatever event some example stay.
Become artist author its over. Available economy name. Hundred wish official report."
2731,2024-04-01,3,2,3,4,True,
369,2024-03-12,1,3,4,2,True,
2480,2024-06-06,3,2,2,3,False,
2173,2024-04-11,2,1,4,4,False,
574,2024-05-07,3,2,2,3,True,"Understand identify name almost who then. Always factor business suffer customer maybe sea forget. End choose art five avoid article long.
Study up between TV him bag skin. Talk this so break."
1361,2024-01-03,2,3,2,2,False,
2133,2024-03-02,3,4,1,1,False,"Sort because begin car move surface federal. Training value avoid upon. Wide live member make far.
Painting draw small bag truth. Feeling wife price her site your college. Budget exist answer report."
1149,2024-02-14,2,4,3,4,False,
72,2024-01-09,4,3,4,3,True,
1920,2024-02-02,2,3,2,4,False,
784,2024-03-28,2,3,2,1,False,
1279,2024-06-02,4,4,4,4,False,
630,2024-03-21,3,3,1,2,False,
168,2024-05-29,2,4,1,5,False,"Ability plan executive result. Various level myself relate.
Moment travel international page media word our. Air black wrong red."
932,2024-05-07,3,3,1,3,True,
395,2024-02-11,4,2,2,2,True,
2309,2024-01-16,1,2,3,3,False,
1803,2024-02-26,3,1,3,4,False,
1884,2024-03-27,1,2,1,4,False,
1930,2024-02-16,3,4,1,3,True,"Him account against amount family.
Stuff above stand meeting. Technology end skin mention sing bill.
Why wonder in."
1171,2024-03-23,1,2,2,1,False,
2182,2024-02-05,3,3,3,3,False,
2690,2024-03-12,4,4,4,4,True,
1886,2024-06-03,4,3,1,4,False,
2490,2024-06-25,3,4,2,3,True,
1497,2024-02-10,3,4,1,3,True,
466,2024-02-10,3,2,1,3,True,
1265,2024-01-07,5,3,4,4,False,
274,2024-05-18,4,4,2,5,True,"Force choose cover yourself opportunity father ability. Although seem environmental painting.
Health site relate very get. Step watch fire."
2104,2024-01-31,1,3,3,2,False,
1743,2024-02-15,3,1,4,3,True,"Drug baby four service skill member. Upon enjoy light improve.
Run pick nearly compare political. Unit development history series marriage tree politics. Purpose dinner next."
2755,2024-02-23,3,2,1,5,True,
2141,2024-01-02,3,4,2,2,False,
652,2024-03-31,3,3,1,4,False,"Follow general manage head occur recently again. Cost thus a industry who. Point ready grow check part myself address.
Home inside drive. Series he throw bar five know behavior."
2548,2024-02-01,2,2,2,4,False,"Claim party huge especially least study teacher Congress. Mother push drive. Too company feeling above. Event lawyer call.
Garden walk huge blue movement firm. Suffer once agreement company material."
2625,2024-05-08,3,3,2,2,False,
2052,2024-04-01,4,4,3,1,True,
2654,2024-04-17,3,3,4,5,True,
529,2024-01-28,4,1,4,4,True,
1311,2024-02-24,4,3,2,3,True,
2130,2024-06-03,1,2,4,1,False,
1624,2024-01-01,1,1,2,5,False,
2107,2024-05-28,1,1,4,5,True,
1133,2024-04-06,1,4,3,4,False,
435,2024-04-06,2,4,1,2,False,After stock painting hot toward.
2337,2024-06-28,2,3,4,4,False,
2778,2024-04-04,1,3,2,5,False,
2422,2024-01-01,3,3,3,4,False,Continue and believe. Any office poor deep people majority maintain page. Around against remember.
1003,2024-06-08,3,2,4,4,False,"Sea bar his physical. Trouble move away former face safe study.
Site brother fast. Cultural pass treatment turn prove wind. Wide represent future general probably possible."
901,2024-01-01,3,4,3,4,True,
690,2024-02-25,4,2,2,4,True,
1759,2024-04-08,2,4,3,4,False,
128,2024-05-16,4,2,3,4,True,"Pick local into friend career cup.
Much one author catch. Result positive happen determine marriage bar suffer. Find again ahead second law from traditional now."
1477,2024-04-06,2,2,4,4,False,
2248,2024-03-03,4,3,1,3,True,
1544,2024-01-31,2,4,1,5,False,
1147,2024-03-31,4,4,2,5,False,
679,2024-01-27,2,1,1,5,False,Among better ever that. Sound clear into fall issue tend. The hard south maintain year.
1882,2024-05-07,1,3,1,3,False,
1721,2024-04-19,1,4,2,5,False,
1969,2024-06-17,3,4,2,4,True,
1199,2024-04-17,3,3,3,4,False,
2115,2024-05-27,4,4,1,4,True,
2491,2024-06-28,1,3,3,5,True,
405,2024-01-15,1,1,1,3,False,
1817,2024-06-08,4,4,3,5,True,
789,2024-01-18,2,1,1,5,False,
11,2024-06-09,3,3,2,3,True,
1573,2024-01-07,4,1,3,3,False,
1651,2024-06-10,1,3,2,4,False,
745,2024-02-04,3,3,3,4,True,
876,2024-02-01,2,3,2,1,False,
355,2024-01-19,4,3,4,5,True,"Fill personal fire. Official wife industry him up teach.
Term she seek. Represent conference war science reduce pass."
1522,2024-06-11,2,3,2,3,False,
378,2024-05-11,4,4,1,4,True,
2170,2024-05-07,4,3,3,4,True,
370,2024-02-08,2,2,3,3,False,
2446,2024-01-11,3,3,3,3,True,
2216,2024-04-26,1,2,2,3,False,Teach carry break mind recently appear agency. Power morning behavior laugh quite. Similar cover population thing.
2051,2024-03-03,3,1,2,3,False,
613,2024-06-27,3,3,2,5,False,
1208,2024-06-27,1,3,4,3,False,
601,2024-04-21,4,1,2,3,True,
1563,2024-05-08,1,3,2,4,False,"Above attack catch soldier charge. Through result military. Truth call stage significant thank data year.
Support put herself water meeting voice. Painting material science beat deal across friend."
1482,2024-02-23,4,1,2,3,True,
1393,2024-05-17,2,4,2,1,False,"Traditional us hear station. Back together factor. Little skin most real.
There describe model meeting police rock along. Point article article drop give."
2307,2024-06-17,3,4,2,4,True,
1280,2024-05-07,1,2,1,3,False,
1698,2024-03-28,4,3,1,3,True,Language main spring nature already. Also thousand so price if paper really position. Low bill behavior hand until.
2401,2024-02-05,2,3,2,3,False,
96,2024-03-11,3,2,1,1,True,
2409,2024-04-09,2,1,2,4,True,"Hard half dream easy prevent side meeting. City hundred center life since.
Nice at form sport upon into. Painting debate spring simply according small game. Too left look his."
626,2024-04-19,3,3,4,3,True,
965,2024-04-23,4,2,2,3,True,"Soldier light turn wear break these may. Five really lose mean.
Ability owner across traditional chair. Still respond everything. Far face describe question appear."
547,2024-04-04,1,4,1,3,False,
